,web,email,pwd
,RxxRKA,NncNh1s!Vn&6u+9TVnY769,!KsHjzCp!%BG+7
,I$#q5cc*,NncNh1s!Vn&6u+9TVnY769,i0JGl+ZteFnoCR
,&*SRGs&T&p,NncNh1s!Vn&6u+9TVnY769,ea0QGvYrB&Gz
,s46s,NncNh1s!Vn&6u+9TVnY769,VXuIlP7B$Zen70
,WI8WI,NncNh1s!Vn&6u+9TVnY769,TjCiB%mc6eXa52
,+56uKdi5,NncNh1s!Vn&6u+9TVnY769,74#aRETxFMP1sH
,kC 6,NncNh1s!Vn&6u+9TVnY769,3aMb@TnL#70QkV
, Gp6S%$,NncNh1s!Vn&6u+9TVnY769,lB%o(pqUETbanX
,bq&L*3Hc,NncNh1s!Vn&6u+9TVnY769,G6CLumqi2WweT7
,RxRxKA,NncNh1s!Vn&6u+9TVnY769,2MIPVq 2
,pGGpP+%,NncNh1s!Vn&6u+9TVnY769,(TTMq0%1!%F2eB
,Ij,NncNh1s!Vn&6u+9TVnY769,8IIZvCgT5eWKGY
,6p6%p6p,NncNh1s!Vn&6u+9TVnY769,xBoeGXu73sC6@Q
